<?xml version="1.0" encoding="UTF-8" standalone="yes"?>
<addon id="plugin.program.cyborgwizard" name="cyborg wizard" version="1.0.0" provider-name="CheapCyborg">
  <requires>
    <import addon="xbmc.python" version="2.1.0"/>
  </requires>
  <extension point="xbmc.python.pluginsource" library="default.py">
    <provides>executable</provides>
  </extension>
  <extension point="xbmc.service" library="startup.py" start="startup" />
  <extension point="xbmc.addon.metadata">
    <summary lang="en">Cyborg Wizard</summary>
    <description lang="en">Ayyyeee yo</description>
    <platform>all</platform>
  </extension>
</addon>